model,test_rmse,test_mae,test_r2,n_train,n_test,feature_count
MLP_v2_feature_set_b,17937.83603032341,12231.072114284885,0.9559363815475361,793,199,28
