model,n_iter,final_loss,best_validation_score
MLP_v1,22,5431144670.829847,-1.352581680749485
MLP_v2,774,193202256.61625472,0.9127708061443034
